{
	"info": {
		"_postman_id": "88a82b5d-f2b5-4f9f-a456-6834dcd630b9",
		"name": "pegaGetOrderHistory",
		"schema": "https://schema.getpostman.com/json/collection/v2.1.0/collection.json"
	},
	"item": [
		{
			"name": "getOrderHistory",
			"event": [
				{
					"listen": "prerequest",
					"script": {
						"id": "78bd9764-12b9-4cc7-b19f-f781dc214079",
						"exec": [
							"\"console.log(\\\"AUTOMATED API TESTING\\\")\";\r",
							"\"const date = new Date()\";\r",
							"\"console.log(\\\"Team: Application Integration Platform\\\")\";\r",
							"\"console.log(\\\"API Name: Pega get Order History\\\")\";\r",
							"\"console.log(\\\"Environment: SIT\\\")\";\r",
							"\"console.log(\\\"Current date:\\\",date)\";\r",
							"\"console.log(\\\"#----------------------------------------------------------#\\\")\""
						],
						"type": "text/javascript"
					}
				},
				{
					"listen": "test",
					"script": {
						"id": "0b20c327-e534-4126-82ee-f8da53468df4",
						"exec": [
							"pm.test(\"Status code is 200\", function () {",
							"    pm.response.to.have.status(200);",
							"});"
						],
						"type": "text/javascript"
					}
				}
			],
			"request": {
				"auth": {
					"type": "basic",
					"basic": [
						{
							"key": "password",
							"value": "J$oscar1",
							"type": "string"
						},
						{
							"key": "username",
							"value": "Js_Oscar",
							"type": "string"
						}
					]
				},
				"method": "POST",
				"header": [
					{
						"key": "Accept",
						"value": "text/xml",
						"type": "text"
					},
					{
						"key": "Content-Type",
						"value": "application/xml",
						"type": "text"
					}
				],
				"body": {
					"mode": "raw",
					"raw": "<soap:Envelope xmlns:soap=\"http://www.w3.org/2003/05/soap-envelope\" xmlns:get=\"http://stevux1219/Js_B2B_CustomerMgmt_OHA/provider/getOrderHistory\">\r\n<soap:Header/>\r\n<soap:Body>\r\n<get:docTypeRef_tns_orderHistoryRequest>\r\n<!--Optional:-->\r\n<OHARequest>\r\n<!--Optional:-->\r\n<onlineAccountId></onlineAccountId>\r\n<!--Optional:-->\r\n<nectarId></nectarId>\r\n<orderNumber>457100422</orderNumber>\r\n<noOfPrevOrdersReqd>1</noOfPrevOrdersReqd>\r\n<channels>\r\n<channelName>WCS</channelName>\r\n</channels>\r\n</OHARequest>\r\n</get:docTypeRef_tns_orderHistoryRequest>\r\n</soap:Body>\r\n</soap:Envelope>"
				},
				"url": {
					"raw": "https://api.sit.iprm.js-devops.co.uk/pegaGetOrderHistory/getOrderHistory",
					"protocol": "https",
					"host": [
						"api",
						"sit",
						"iprm",
						"js-devops",
						"co",
						"uk"
					],
					"path": [
						"pegaGetOrderHistory",
						"getOrderHistory"
					]
				}
			},
			"response": []
		}
	],
	"protocolProfileBehavior": {}
}